date,trial_number,total_popularity,total_time,planned_rides,optimal_rides,time_schedule
2023-09-28,0,6546,700,"[5, 7, 6, 7, 2, 7, 1, 2, 1, 5, 3, 1, 2, 6, 3, 4, 6]","[5, 7, 6, 7, 2, 7, 1, 2, 1, 5, 3, 1, 2, 6]","[0, 30, 90, 150, 225, 285, 360, 450, 525, 540, 585, 615, 630, 660]"
2023-09-28,1,6151,673,"[0, 4, 4, 2, 0, 4, 6, 2, 3, 6, 2, 2, 2]","[0, 4, 4, 2, 0, 4, 6, 2, 3, 6, 2, 2, 2]","[0, 120, 195, 270, 330, 435, 495, 540, 555, 570, 615, 630, 660]"
2023-09-28,2,7017,724,"[2, 5, 2, 2, 3, 2, 6, 2, 3, 0, 6, 5, 4, 1, 6, 6]","[2, 5, 2, 2, 3, 2, 6, 2, 3, 0, 6, 5, 4, 1, 6]","[0, 75, 150, 225, 285, 360, 420, 480, 540, 555, 570, 615, 630, 645, 675]"
2023-09-28,3,6578,665,"[1, 1, 2, 0, 4, 5, 0, 2, 3, 2, 5, 2, 0, 3]","[1, 1, 2, 0, 4, 5, 0, 2, 3, 2, 5, 2, 0, 3]","[0, 90, 225, 285, 390, 450, 525, 540, 555, 570, 585, 600, 630, 645]"
2023-09-28,4,6659,709,"[3, 1, 4, 4, 2, 7, 7, 0, 4, 0, 0, 4, 4, 1, 2, 6, 5, 5, 3, 5]","[3, 1, 4, 4, 2, 7, 7, 0, 4, 0, 0, 4, 4, 1]","[0, 60, 210, 285, 345, 405, 480, 555, 570, 585, 615, 630, 645, 675]"
2023-09-28,5,6639,714,"[4, 6, 7, 4, 0, 3, 7, 5, 2, 2, 7, 4, 4, 7, 7, 4]","[4, 6, 7, 4, 0, 3, 7, 5, 2, 2, 7, 4, 4, 7]","[0, 30, 75, 150, 225, 330, 405, 480, 540, 555, 570, 615, 630, 660]"
2023-09-28,6,7467,698,"[6, 6, 6, 6, 5, 4, 4, 6, 6, 5, 4, 0, 5, 4, 2, 0]","[6, 6, 6, 6, 5, 4, 4, 6, 6, 5, 4, 0, 5, 4, 2, 0]","[0, 45, 90, 150, 210, 270, 330, 390, 450, 510, 555, 585, 600, 615, 630, 660]"
2023-09-28,7,6086,738,"[3, 5, 3, 7, 0, 1, 6, 5, 0, 4, 5, 3, 7, 0, 3, 2, 0, 0, 1, 7]","[3, 5, 3, 7, 0, 1, 6, 5, 0, 4, 5, 3, 7]","[0, 60, 135, 225, 300, 405, 495, 540, 600, 615, 630, 660, 675]"
2023-09-28,8,7985,709,"[5, 5, 3, 1, 2, 7, 6, 2, 7, 2, 2, 4, 0, 1, 0, 2, 1, 7, 5, 4]","[5, 5, 3, 1, 2, 7, 6, 2, 7, 2, 2, 4, 0, 1, 0, 2, 1]","[0, 30, 45, 120, 195, 270, 345, 405, 465, 540, 555, 570, 585, 600, 630, 645, 675]"
2023-09-28,9,6558,680,"[5, 5, 1, 4, 4, 1, 2, 1, 0, 4, 5, 2, 3, 2]","[5, 5, 1, 4, 4, 1, 2, 1, 0, 4, 5, 2, 3, 2]","[0, 30, 45, 195, 270, 315, 420, 495, 570, 585, 600, 615, 630, 660]"
2023-09-28,10,6637,691,"[5, 4, 7, 0, 0, 7, 4, 7, 0, 1, 3, 0, 3, 7, 0, 7]","[5, 4, 7, 0, 0, 7, 4, 7, 0, 1, 3, 0, 3, 7]","[0, 30, 75, 150, 255, 345, 420, 480, 540, 555, 585, 600, 615, 645]"
2023-09-28,11,7079,693,"[2, 4, 2, 2, 7, 3, 4, 3, 3, 3, 5, 5, 0, 0, 7, 7]","[2, 4, 2, 2, 7, 3, 4, 3, 3, 3, 5, 5, 0, 0, 7]","[0, 75, 120, 210, 270, 345, 420, 465, 525, 555, 570, 585, 600, 615, 645]"
2023-09-28,12,7543,689,"[7, 3, 2, 4, 4, 3, 5, 6, 2, 4, 3, 2, 2, 5, 4, 3, 5, 0]","[7, 3, 2, 4, 4, 3, 5, 6, 2, 4, 3, 2, 2, 5, 4, 3]","[0, 60, 150, 225, 285, 345, 420, 495, 540, 555, 570, 600, 615, 630, 645, 675]"
2023-09-28,13,7543,731,"[5, 2, 2, 5, 3, 7, 4, 2, 1, 2, 3, 3, 0, 0, 7, 7, 6]","[5, 2, 2, 5, 3, 7, 4, 2, 1, 2, 3, 3, 0, 0, 7, 7]","[0, 30, 90, 165, 225, 300, 375, 435, 510, 525, 540, 570, 585, 600, 630, 675]"
2023-09-28,14,7931,694,"[6, 3, 2, 4, 5, 7, 5, 5, 3, 3, 2, 2, 1, 5, 3, 4, 5, 2, 7]","[6, 3, 2, 4, 5, 7, 5, 5, 3, 3, 2, 2, 1, 5, 3, 4, 5]","[0, 45, 120, 210, 285, 330, 405, 450, 525, 540, 555, 570, 600, 615, 630, 660, 675]"
2023-09-28,15,7937,676,"[5, 2, 2, 5, 3, 7, 4, 2, 1, 3, 4, 2, 2, 1, 5, 5, 5, 6]","[5, 2, 2, 5, 3, 7, 4, 2, 1, 3, 4, 2, 2, 1, 5, 5, 5]","[0, 30, 90, 165, 225, 300, 375, 435, 510, 525, 555, 570, 585, 600, 615, 645, 660]"
2023-09-28,16,7942,683,"[5, 3, 3, 6, 5, 6, 4, 2, 1, 3, 4, 4, 2, 1, 5, 5, 4, 6]","[5, 3, 3, 6, 5, 6, 4, 2, 1, 3, 4, 4, 2, 1, 5, 5, 4]","[0, 30, 90, 195, 255, 315, 375, 435, 510, 525, 555, 570, 585, 600, 630, 645, 660]"
2023-09-28,17,7484,685,"[2, 5, 6, 3, 3, 2, 1, 2, 3, 2, 0, 3, 2, 5, 2, 5, 3]","[2, 5, 6, 3, 3, 2, 1, 2, 3, 2, 0, 3, 2, 5, 2, 5]","[0, 75, 150, 225, 285, 360, 435, 525, 540, 555, 570, 585, 615, 630, 645, 675]"
2023-09-28,18,7960,717,"[4, 4, 6, 4, 4, 5, 5, 5, 6, 2, 0, 5, 2, 1, 1, 4, 7, 4, 0]","[4, 4, 6, 4, 4, 5, 5, 5, 6, 2, 0, 5, 2, 1, 1, 4, 7]","[0, 30, 90, 150, 225, 285, 345, 405, 465, 525, 540, 555, 570, 585, 615, 630, 660]"
2023-09-28,19,7496,683,"[6, 7, 6, 4, 4, 7, 5, 6, 6, 2, 0, 5, 2, 1, 1, 4, 7, 5, 0]","[6, 7, 6, 4, 4, 7, 5, 6, 6, 2, 0, 5, 2, 1, 1, 4]","[0, 45, 105, 165, 240, 300, 375, 435, 480, 540, 570, 585, 600, 615, 645, 660]"
2023-09-28,20,7512,691,"[4, 6, 3, 7, 5, 4, 6, 5, 7, 3, 4, 7, 5, 3, 3, 3, 5, 2, 0]","[4, 6, 3, 7, 5, 4, 6, 5, 7, 3, 4, 7, 5, 3, 3, 3]","[0, 30, 75, 150, 225, 285, 345, 390, 450, 525, 555, 570, 615, 630, 645, 675]"
2023-09-28,21,7948,725,"[5, 7, 6, 4, 4, 6, 5, 6, 6, 2, 0, 5, 2, 1, 1, 4, 7, 4, 0]","[5, 7, 6, 4, 4, 6, 5, 6, 6, 2, 0, 5, 2, 1, 1, 4, 7]","[0, 30, 90, 150, 225, 285, 345, 405, 465, 525, 540, 570, 585, 600, 615, 645, 660]"
2023-09-28,22,7076,684,"[1, 4, 4, 6, 6, 7, 0, 2, 4, 2, 3, 2, 3, 4, 5, 3]","[1, 4, 4, 6, 6, 7, 0, 2, 4, 2, 3, 2, 3, 4, 5]","[0, 90, 150, 225, 300, 360, 450, 540, 555, 570, 585, 600, 630, 645, 675]"
2023-09-28,23,7504,700,"[4, 6, 3, 7, 5, 6, 6, 6, 7, 3, 4, 7, 5, 2, 3, 2, 3, 2, 0, 7]","[4, 6, 3, 7, 5, 6, 6, 6, 7, 3, 4, 7, 5, 2, 3, 2]","[0, 30, 75, 150, 225, 285, 345, 405, 450, 540, 555, 570, 615, 630, 660, 675]"
2023-09-28,24,7087,707,"[4, 4, 4, 6, 7, 0, 2, 0, 0, 2, 1, 0, 0, 5, 1, 3, 5, 3]","[4, 4, 4, 6, 7, 0, 2, 0, 0, 2, 1, 0, 0, 5, 1]","[0, 30, 90, 150, 225, 300, 405, 465, 540, 570, 585, 600, 630, 645, 675]"
2023-09-28,25,6968,676,"[5, 4, 5, 5, 4, 5, 7, 5, 5, 2, 1, 6, 2, 2, 2, 2, 5]","[5, 4, 5, 5, 4, 5, 7, 5, 5, 2, 1, 6, 2, 2, 2]","[0, 30, 75, 165, 225, 285, 345, 420, 495, 540, 555, 585, 615, 630, 660]"
2023-09-28,26,7108,721,"[7, 7, 7, 2, 6, 6, 4, 3, 2, 3, 3, 4, 3, 4, 7, 2, 5, 2, 0]","[7, 7, 7, 2, 6, 6, 4, 3, 2, 3, 3, 4, 3, 4, 7]","[0, 60, 135, 210, 270, 330, 375, 450, 510, 570, 585, 600, 615, 645, 660]"
2023-09-28,27,7529,720,"[6, 6, 4, 5, 3, 4, 5, 2, 2, 2, 4, 2, 1, 7, 4, 0, 5, 2, 5, 3]","[6, 6, 4, 5, 3, 4, 5, 2, 2, 2, 4, 2, 1, 7, 4, 0]","[0, 45, 90, 150, 225, 285, 345, 405, 480, 540, 555, 570, 585, 615, 660, 675]"
2023-09-28,28,7065,727,"[7, 7, 7, 1, 3, 7, 4, 2, 1, 2, 5, 5, 4, 4, 6, 1, 7, 3, 3, 0]","[7, 7, 7, 1, 3, 7, 4, 2, 1, 2, 5, 5, 4, 4, 6]","[0, 60, 135, 210, 285, 360, 450, 510, 555, 585, 600, 615, 630, 660, 675]"
2023-09-28,29,7074,707,"[7, 7, 6, 0, 3, 7, 4, 0, 1, 1, 5, 4, 3, 4, 6, 1, 7, 3, 3, 0]","[7, 7, 6, 0, 3, 7, 4, 0, 1, 1, 5, 4, 3, 4, 6]","[0, 60, 135, 195, 315, 375, 480, 525, 540, 570, 585, 600, 615, 645, 660]"
2023-09-28,30,7058,723,"[7, 7, 6, 0, 4, 7, 2, 0, 5, 0, 5, 4, 1, 3, 6, 0, 4, 4, 2]","[7, 7, 6, 0, 4, 7, 2, 0, 5, 0, 5, 4, 1, 3, 6]","[0, 60, 135, 195, 315, 390, 480, 540, 555, 570, 585, 615, 630, 660, 675]"
2023-09-28,31,7948,725,"[5, 7, 6, 4, 4, 6, 5, 6, 6, 2, 0, 5, 2, 1, 1, 4, 7, 4]","[5, 7, 6, 4, 4, 6, 5, 6, 6, 2, 0, 5, 2, 1, 1, 4, 7]","[0, 30, 90, 150, 225, 285, 345, 405, 465, 525, 540, 570, 585, 600, 615, 645, 660]"
2023-09-28,32,7069,719,"[6, 7, 7, 4, 4, 7, 6, 6, 7, 3, 0, 5, 2, 1, 0, 4, 6, 3, 0]","[6, 7, 7, 4, 4, 7, 6, 6, 7, 3, 0, 5, 2, 1, 0]","[0, 45, 105, 180, 255, 315, 390, 450, 510, 570, 585, 615, 630, 645, 675]"
2023-09-28,33,7955,719,"[4, 5, 1, 6, 3, 2, 4, 5, 0, 2, 2, 4, 5, 4, 5, 2, 6, 1]","[4, 5, 1, 6, 3, 2, 4, 5, 0, 2, 2, 4, 5, 4, 5, 2, 6]","[0, 30, 45, 195, 255, 330, 390, 450, 525, 540, 555, 570, 600, 615, 630, 645, 675]"
2023-09-28,34,7461,682,"[3, 5, 1, 5, 3, 3, 6, 4, 0, 1, 2, 3, 5, 5, 3, 2, 4]","[3, 5, 1, 5, 3, 3, 6, 4, 0, 1, 2, 3, 5, 5, 3, 2]","[0, 60, 135, 240, 285, 360, 420, 480, 525, 555, 570, 585, 600, 615, 645, 660]"
2023-09-28,35,7085,692,"[2, 7, 4, 4, 3, 3, 0, 2, 3, 5, 0, 3, 3, 3, 1, 6, 1]","[2, 7, 4, 4, 3, 3, 0, 2, 3, 5, 0, 3, 3, 3, 1]","[0, 75, 150, 225, 285, 360, 420, 525, 555, 570, 585, 600, 615, 645, 660]"
2023-09-28,36,7498,688,"[5, 5, 4, 5, 4, 1, 3, 3, 0, 0, 1, 1, 1, 4, 2, 2, 2, 7]","[5, 5, 4, 5, 4, 1, 3, 3, 0, 0, 1, 1, 1, 4, 2, 2]","[0, 30, 45, 105, 165, 240, 315, 375, 435, 540, 555, 585, 600, 630, 645, 675]"
2023-09-28,37,7555,688,"[4, 1, 7, 4, 3, 5, 4, 5, 2, 4, 1, 2, 2, 3, 4, 4, 4, 3, 5]","[4, 1, 7, 4, 3, 5, 4, 5, 2, 4, 1, 2, 2, 3, 4, 4]","[0, 30, 165, 240, 300, 375, 420, 480, 540, 555, 570, 585, 615, 630, 645, 675]"
2023-09-28,38,7540,686,"[5, 5, 2, 4, 4, 4, 4, 3, 1, 0, 0, 1, 3, 4, 3, 1, 2, 7, 5]","[5, 5, 2, 4, 4, 4, 4, 3, 1, 0, 0, 1, 3, 4, 3, 1]","[0, 30, 45, 120, 180, 255, 315, 390, 450, 540, 555, 570, 600, 615, 630, 660]"
2023-09-28,39,7952,694,"[6, 6, 2, 3, 1, 6, 3, 6, 2, 0, 2, 0, 5, 3, 5, 3, 4, 2]","[6, 6, 2, 3, 1, 6, 3, 6, 2, 0, 2, 0, 5, 3, 5, 3, 4]","[0, 45, 90, 150, 240, 315, 360, 435, 480, 540, 555, 585, 600, 615, 630, 660, 675]"
2023-09-28,40,7976,713,"[5, 5, 1, 3, 4, 4, 4, 3, 3, 0, 0, 5, 3, 2, 3, 1, 1, 7, 5, 7]","[5, 5, 1, 3, 4, 4, 4, 3, 3, 0, 0, 5, 3, 2, 3, 1, 1]","[0, 30, 45, 195, 270, 330, 390, 465, 525, 540, 555, 570, 600, 615, 630, 645, 675]"
2023-09-28,41,7976,713,"[5, 5, 1, 3, 4, 4, 4, 3, 3, 0, 0, 5, 3, 2, 3, 1, 1, 7, 5, 7]","[5, 5, 1, 3, 4, 4, 4, 3, 3, 0, 0, 5, 3, 2, 3, 1, 1]","[0, 30, 45, 195, 270, 330, 390, 465, 525, 540, 555, 570, 600, 615, 630, 645, 675]"
2023-09-28,42,7939,685,"[4, 5, 2, 2, 1, 5, 3, 6, 3, 0, 2, 0, 5, 1, 2, 5, 3, 0]","[4, 5, 2, 2, 1, 5, 3, 6, 3, 0, 2, 0, 5, 1, 2, 5, 3]","[0, 30, 45, 120, 210, 300, 360, 420, 480, 525, 555, 570, 585, 600, 630, 645, 675]"
2023-09-28,43,7475,645,"[5, 4, 4, 4, 4, 3, 6, 5, 6, 1, 1, 5, 3, 1, 1, 2]","[5, 4, 4, 4, 4, 3, 6, 5, 6, 1, 1, 5, 3, 1, 1, 2]","[0, 30, 75, 135, 210, 270, 345, 390, 450, 510, 525, 555, 570, 585, 615, 630]"
2023-09-28,44,7470,658,"[6, 5, 4, 3, 3, 3, 6, 6, 6, 0, 0, 5, 3, 1, 1, 3]","[6, 5, 4, 3, 3, 3, 6, 6, 6, 0, 0, 5, 3, 1, 1, 3]","[0, 45, 75, 135, 210, 285, 345, 405, 465, 525, 540, 570, 585, 600, 615, 645]"
2023-09-28,45,7530,684,"[6, 5, 2, 5, 4, 2, 6, 4, 2, 2, 1, 0, 4, 7, 4, 2, 4]","[6, 5, 2, 5, 4, 2, 6, 4, 2, 2, 1, 0, 4, 7, 4, 2]","[0, 45, 75, 150, 210, 285, 345, 405, 465, 525, 540, 555, 585, 600, 645, 660]"
2023-09-28,46,7504,683,"[5, 6, 0, 1, 4, 5, 5, 4, 2, 0, 0, 4, 3, 3, 3, 1, 1, 7, 4]","[5, 6, 0, 1, 4, 5, 5, 4, 2, 0, 0, 4, 3, 3, 3, 1]","[0, 30, 60, 195, 285, 345, 405, 465, 525, 540, 555, 570, 600, 615, 630, 660]"
2023-09-28,47,7480,717,"[7, 6, 3, 6, 5, 3, 5, 1, 3, 1, 2, 2, 4, 0, 5, 0, 7, 1]","[7, 6, 3, 6, 5, 3, 5, 1, 3, 1, 2, 2, 4, 0, 5, 0]","[0, 60, 120, 195, 255, 330, 390, 450, 540, 555, 570, 585, 615, 630, 645, 675]"
2023-09-28,48,7050,713,"[5, 1, 2, 4, 4, 4, 4, 5, 2, 3, 3, 2, 6, 3, 1, 2, 5, 4]","[5, 1, 2, 4, 4, 4, 4, 5, 2, 3, 3, 2, 6, 3, 1]","[0, 30, 150, 240, 300, 360, 435, 495, 540, 570, 585, 600, 615, 660, 675]"
2023-09-28,49,7069,662,"[3, 5, 0, 4, 4, 0, 2, 3, 2, 2, 5, 2, 2, 3, 3]","[3, 5, 0, 4, 4, 0, 2, 3, 2, 2, 5, 2, 2, 3, 3]","[0, 60, 135, 225, 300, 360, 465, 525, 540, 555, 570, 585, 600, 630, 645]"
2023-09-28,50,7480,700,"[4, 5, 2, 3, 5, 5, 2, 7, 2, 2, 3, 0, 5, 0, 1, 6, 4, 1]","[4, 5, 2, 3, 5, 5, 2, 7, 2, 2, 3, 0, 5, 0, 1, 6]","[0, 30, 45, 120, 195, 270, 330, 405, 480, 525, 540, 570, 585, 600, 615, 645]"
2023-09-28,51,7965,692,"[6, 3, 4, 4, 5, 7, 3, 5, 1, 3, 2, 3, 3, 5, 5, 4, 4]","[6, 3, 4, 4, 5, 7, 3, 5, 1, 3, 2, 3, 3, 5, 5, 4, 4]","[0, 45, 120, 195, 270, 330, 390, 465, 525, 540, 555, 585, 600, 615, 630, 660, 675]"
2023-09-28,52,7913,693,"[5, 6, 1, 6, 4, 7, 5, 2, 1, 2, 3, 4, 5, 1, 5, 5, 4, 7]","[5, 6, 1, 6, 4, 7, 5, 2, 1, 2, 3, 4, 5, 1, 5, 5, 4]","[0, 30, 60, 210, 270, 330, 390, 450, 525, 540, 555, 570, 600, 615, 630, 660, 675]"
2023-09-28,53,7098,703,"[1, 7, 7, 4, 2, 2, 7, 2, 3, 2, 2, 3, 3, 2, 1, 1, 5, 5, 3]","[1, 7, 7, 4, 2, 2, 7, 2, 3, 2, 2, 3, 3, 2, 1]","[0, 90, 180, 255, 315, 390, 450, 540, 555, 570, 585, 600, 630, 645, 675]"
2023-09-28,54,7470,691,"[5, 4, 1, 6, 4, 2, 5, 4, 3, 3, 2, 0, 5, 1, 5, 1]","[5, 4, 1, 6, 4, 2, 5, 4, 3, 3, 2, 0, 5, 1, 5, 1]","[0, 30, 75, 225, 285, 345, 405, 465, 525, 540, 570, 585, 600, 615, 645, 660]"
2023-09-28,55,7475,716,"[5, 5, 2, 3, 4, 3, 5, 4, 1, 1, 1, 5, 4, 1, 3, 7, 3, 7, 5, 3]","[5, 5, 2, 3, 4, 3, 5, 4, 1, 1, 1, 5, 4, 1, 3, 7]","[0, 30, 45, 120, 195, 270, 330, 405, 465, 540, 555, 585, 600, 615, 630, 660]"
2023-09-28,56,7505,712,"[6, 2, 2, 3, 3, 7, 4, 5, 1, 3, 1, 3, 2, 5, 4, 1, 3]","[6, 2, 2, 3, 3, 7, 4, 5, 1, 3, 1, 3, 2, 5, 4, 1]","[0, 45, 120, 210, 285, 345, 420, 480, 540, 555, 570, 600, 615, 630, 660, 675]"
2023-09-28,57,7516,702,"[6, 6, 2, 6, 5, 3, 4, 6, 2, 0, 1, 3, 4, 2, 4, 0]","[6, 6, 2, 6, 5, 3, 4, 6, 2, 0, 1, 3, 4, 2, 4, 0]","[0, 45, 90, 150, 225, 285, 345, 435, 480, 540, 555, 585, 600, 615, 630, 660]"
2023-09-28,58,7503,665,"[4, 3, 3, 5, 4, 7, 5, 6, 1, 0, 2, 2, 1, 4, 5, 3]","[4, 3, 3, 5, 4, 7, 5, 6, 1, 0, 2, 2, 1, 4, 5, 3]","[0, 30, 105, 195, 255, 315, 390, 450, 510, 540, 555, 570, 585, 615, 630, 645]"
2023-09-28,59,7072,675,"[3, 2, 3, 6, 4, 7, 7, 5, 0, 0, 2, 2, 0, 4, 5]","[3, 2, 3, 6, 4, 7, 7, 5, 0, 0, 2, 2, 0, 4, 5]","[0, 60, 135, 210, 270, 330, 390, 480, 540, 570, 585, 600, 615, 630, 660]"
2023-09-28,60,7939,685,"[5, 5, 2, 3, 1, 3, 2, 6, 3, 1, 2, 0, 5, 0, 2, 5, 4]","[5, 5, 2, 3, 1, 3, 2, 6, 3, 1, 2, 0, 5, 0, 2, 5, 4]","[0, 30, 45, 120, 195, 285, 345, 420, 465, 525, 555, 570, 585, 600, 630, 645, 675]"
2023-09-28,61,7957,695,"[4, 6, 3, 7, 5, 5, 6, 4, 0, 3, 4, 1, 5, 4, 3, 3, 5, 2, 2]","[4, 6, 3, 7, 5, 5, 6, 4, 0, 3, 4, 1, 5, 4, 3, 3, 5]","[0, 30, 75, 150, 225, 285, 345, 390, 450, 540, 555, 570, 600, 615, 630, 660, 675]"
2023-09-28,62,7969,688,"[4, 6, 4, 6, 4, 5, 6, 4, 0, 3, 3, 1, 5, 4, 3, 2, 5, 4, 2]","[4, 6, 4, 6, 4, 5, 6, 4, 0, 3, 3, 1, 5, 4, 3, 2, 5]","[0, 30, 75, 120, 195, 270, 330, 390, 450, 540, 555, 570, 600, 615, 630, 645, 675]"
2023-09-28,63,7492,667,"[6, 3, 2, 5, 4, 3, 5, 7, 1, 3, 2, 1, 2, 5, 3, 4]","[6, 3, 2, 5, 4, 3, 5, 7, 1, 3, 2, 1, 2, 5, 3, 4]","[0, 45, 120, 210, 270, 315, 390, 435, 510, 540, 555, 570, 600, 615, 630, 645]"
2023-09-28,64,7563,731,"[7, 7, 6, 5, 7, 2, 0, 1, 2, 4, 2, 2, 1, 4, 4, 7, 5, 4, 1]","[7, 7, 6, 5, 7, 2, 0, 1, 2, 4, 2, 2, 1, 4, 4, 7]","[0, 60, 135, 195, 255, 330, 405, 510, 540, 555, 570, 585, 600, 630, 645, 675]"
2023-09-28,65,7999,687,"[6, 4, 4, 6, 4, 6, 0, 2, 1, 3, 4, 5, 2, 2, 4, 5, 4, 7]","[6, 4, 4, 6, 4, 6, 0, 2, 1, 3, 4, 5, 2, 2, 4, 5, 4]","[0, 45, 120, 180, 240, 300, 360, 465, 510, 540, 555, 570, 585, 615, 630, 645, 675]"
2023-09-28,66,7951,718,"[4, 5, 3, 6, 5, 5, 6, 4, 0, 3, 3, 4, 5, 2, 2, 1, 7, 0, 4, 7]","[4, 5, 3, 6, 5, 5, 6, 4, 0, 3, 3, 4, 5, 2, 2, 1, 7]","[0, 30, 45, 120, 195, 255, 315, 375, 450, 525, 540, 570, 585, 600, 615, 630, 660]"
2023-09-28,67,8000,724,"[4, 2, 6, 7, 5, 2, 2, 6, 4, 0, 0, 4, 2, 1, 2, 1, 6, 2, 2]","[4, 2, 6, 7, 5, 2, 2, 6, 4, 0, 0, 4, 2, 1, 2, 1, 6]","[0, 30, 90, 165, 240, 300, 375, 435, 480, 525, 555, 570, 585, 600, 630, 645, 675]"
2023-09-28,68,8000,724,"[4, 2, 6, 7, 5, 2, 2, 6, 4, 0, 0, 4, 2, 1, 2, 1, 6, 2, 2]","[4, 2, 6, 7, 5, 2, 2, 6, 4, 0, 0, 4, 2, 1, 2, 1, 6]","[0, 30, 90, 165, 240, 300, 375, 435, 480, 525, 555, 570, 585, 600, 630, 645, 675]"
2023-09-28,69,7514,689,"[4, 6, 3, 6, 5, 7, 6, 4, 0, 4, 4, 3, 5, 3, 1, 3, 6, 0, 1]","[4, 6, 3, 6, 5, 7, 6, 4, 0, 4, 4, 3, 5, 3, 1, 3]","[0, 30, 75, 150, 225, 270, 360, 420, 465, 555, 570, 585, 600, 630, 645, 675]"
2023-09-28,70,7527,700,"[5, 7, 2, 4, 4, 4, 5, 4, 1, 0, 6, 5, 2, 4, 3, 2, 2, 6, 6, 4]","[5, 7, 2, 4, 4, 4, 5, 4, 1, 0, 6, 5, 2, 4, 3, 2]","[0, 30, 90, 150, 225, 285, 345, 405, 465, 540, 555, 600, 615, 630, 660, 675]"
2023-09-28,71,7978,720,"[4, 5, 3, 6, 4, 5, 6, 4, 1, 3, 3, 4, 5, 0, 3, 2, 7, 0, 6]","[4, 5, 3, 6, 4, 5, 6, 4, 1, 3, 3, 4, 5, 0, 3, 2, 7]","[0, 30, 45, 120, 195, 270, 330, 390, 450, 525, 555, 570, 585, 600, 615, 645, 660]"
2023-09-28,72,7961,717,"[4, 5, 3, 6, 5, 5, 6, 4, 0, 3, 3, 4, 5, 0, 3, 2, 7, 0, 6]","[4, 5, 3, 6, 5, 5, 6, 4, 0, 3, 3, 4, 5, 0, 3, 2, 7]","[0, 30, 45, 120, 195, 255, 315, 375, 450, 525, 540, 570, 585, 600, 615, 630, 660]"
2023-09-28,73,7492,686,"[6, 4, 3, 6, 6, 7, 6, 7, 1, 4, 2, 1, 2, 5, 5, 4, 7]","[6, 4, 3, 6, 6, 7, 6, 7, 1, 4, 2, 1, 2, 5, 5, 4]","[0, 45, 120, 195, 255, 315, 390, 450, 525, 555, 570, 585, 615, 630, 645, 675]"
2023-09-28,74,7548,687,"[7, 2, 4, 4, 4, 6, 5, 6, 2, 3, 1, 0, 1, 4, 4, 3, 7]","[7, 2, 4, 4, 4, 6, 5, 6, 2, 3, 1, 0, 1, 4, 4, 3]","[0, 60, 135, 210, 270, 330, 375, 435, 480, 540, 555, 585, 600, 630, 645, 675]"
2023-09-28,75,7558,723,"[4, 2, 4, 6, 3, 7, 0, 4, 1, 2, 2, 1, 2, 3, 6, 0, 4, 1, 4]","[4, 2, 4, 6, 3, 7, 0, 4, 1, 2, 2, 1, 2, 3, 6, 0]","[0, 30, 90, 165, 225, 300, 375, 465, 525, 540, 570, 585, 600, 615, 630, 675]"
2023-09-28,76,7984,720,"[4, 5, 3, 5, 4, 4, 6, 4, 0, 3, 3, 5, 4, 2, 3, 5, 7, 0, 6, 2]","[4, 5, 3, 5, 4, 4, 6, 4, 0, 3, 3, 5, 4, 2, 3, 5, 7]","[0, 30, 45, 120, 195, 270, 315, 375, 435, 540, 555, 570, 585, 600, 615, 645, 660]"
2023-09-28,77,7548,683,"[4, 6, 4, 5, 4, 4, 7, 3, 0, 3, 4, 5, 4, 2, 4, 5, 7, 2, 7, 2]","[4, 6, 4, 5, 4, 4, 7, 3, 0, 3, 4, 5, 4, 2, 4, 5]","[0, 30, 75, 120, 195, 270, 315, 405, 465, 555, 570, 585, 600, 630, 645, 675]"
2023-09-28,78,7569,690,"[6, 6, 4, 4, 2, 3, 2, 6, 3, 0, 0, 2, 7, 2, 4, 4, 2]","[6, 6, 4, 4, 2, 3, 2, 6, 3, 0, 0, 2, 7, 2, 4, 4]","[0, 45, 90, 150, 225, 285, 345, 420, 480, 525, 540, 570, 585, 630, 645, 675]"
2023-09-28,79,7054,686,"[4, 2, 6, 7, 5, 2, 3, 7, 5, 0, 0, 4, 1, 2, 1, 2, 5, 2, 3]","[4, 2, 6, 7, 5, 2, 3, 7, 5, 0, 0, 4, 1, 2, 1]","[0, 30, 90, 165, 240, 300, 375, 435, 510, 555, 570, 600, 615, 630, 660]"
2023-09-28,80,7538,695,"[6, 6, 4, 4, 2, 3, 2, 6, 3, 1, 1, 2, 7, 3, 4, 3, 1]","[6, 6, 4, 4, 2, 3, 2, 6, 3, 1, 1, 2, 7, 3, 4, 3]","[0, 45, 90, 150, 225, 285, 345, 420, 480, 525, 555, 570, 585, 630, 660, 675]"
2023-09-28,81,7937,727,"[4, 5, 3, 5, 5, 5, 6, 4, 0, 3, 4, 5, 4, 2, 2, 5, 7, 0, 7, 1]","[4, 5, 3, 5, 5, 5, 6, 4, 0, 3, 4, 5, 4, 2, 2, 5, 7]","[0, 30, 45, 120, 195, 255, 315, 375, 435, 540, 555, 570, 585, 615, 630, 645, 675]"
2023-09-28,82,7997,692,"[5, 4, 3, 4, 3, 7, 3, 1, 1, 3, 3, 4, 4, 2, 5, 5, 4, 7, 3]","[5, 4, 3, 4, 3, 7, 3, 1, 1, 3, 3, 4, 4, 2, 5, 5, 4]","[0, 30, 75, 165, 240, 300, 375, 435, 525, 540, 555, 585, 600, 615, 630, 660, 675]"
2023-09-28,83,7990,696,"[5, 4, 3, 3, 3, 7, 2, 1, 1, 3, 3, 4, 4, 2, 5, 5, 4, 7, 6]","[5, 4, 3, 3, 3, 7, 2, 1, 1, 3, 3, 4, 4, 2, 5, 5, 4]","[0, 30, 75, 165, 240, 300, 375, 435, 525, 540, 570, 585, 600, 615, 630, 660, 675]"
2023-09-28,84,7557,691,"[4, 6, 4, 4, 6, 4, 7, 4, 0, 3, 3, 6, 4, 3, 3, 5, 6, 2, 3, 1]","[4, 6, 4, 4, 6, 4, 7, 4, 0, 3, 3, 6, 4, 3, 3, 5]","[0, 30, 75, 120, 195, 255, 315, 390, 465, 540, 555, 570, 615, 630, 660, 675]"
2023-09-28,85,7991,685,"[5, 4, 4, 3, 3, 7, 2, 2, 1, 3, 1, 4, 4, 1, 5, 4, 5, 6]","[5, 4, 4, 3, 3, 7, 2, 2, 1, 3, 1, 4, 4, 1, 5, 4, 5]","[0, 30, 75, 135, 210, 285, 360, 435, 510, 525, 540, 570, 585, 600, 630, 645, 675]"
2023-09-28,86,7544,696,"[4, 4, 6, 2, 4, 4, 5, 4, 0, 2, 5, 6, 3, 3, 3, 4, 7, 2, 2]","[4, 4, 6, 2, 4, 4, 5, 4, 0, 2, 5, 6, 3, 3, 3, 4]","[0, 30, 90, 150, 225, 285, 345, 405, 465, 540, 555, 585, 615, 630, 660, 675]"
2023-09-28,87,7125,697,"[4, 4, 4, 3, 2, 7, 3, 2, 0, 2, 0, 5, 4, 4, 4, 4, 5, 6]","[4, 4, 4, 3, 2, 7, 3, 2, 0, 2, 0, 5, 4, 4, 4]","[0, 30, 90, 150, 225, 285, 360, 435, 495, 585, 600, 615, 630, 660, 675]"
2023-09-28,88,7536,690,"[6, 6, 4, 4, 2, 4, 3, 5, 3, 1, 1, 3, 7, 2, 4, 3]","[6, 6, 4, 4, 2, 4, 3, 5, 3, 1, 1, 3, 7, 2, 4, 3]","[0, 45, 90, 150, 225, 285, 345, 405, 465, 525, 540, 570, 585, 630, 645, 675]"
2023-09-28,89,7514,687,"[5, 4, 1, 6, 5, 2, 2, 2, 3, 5, 4, 3, 0, 4, 2, 4, 4, 0, 3, 6]","[5, 4, 1, 6, 5, 2, 2, 2, 3, 5, 4, 3, 0, 4, 2, 4]","[0, 30, 75, 225, 285, 345, 405, 480, 540, 555, 570, 585, 600, 630, 645, 675]"
2023-09-28,90,7513,696,"[5, 4, 0, 5, 5, 2, 2, 2, 3, 5, 4, 3, 2, 4, 2, 4, 2, 1, 3, 6]","[5, 4, 0, 5, 5, 2, 2, 2, 3, 5, 4, 3, 2, 4, 2, 4]","[0, 30, 75, 210, 270, 345, 420, 480, 540, 555, 570, 600, 615, 630, 660, 675]"
2023-09-28,91,7541,704,"[2, 6, 3, 4, 5, 4, 6, 4, 0, 3, 4, 3, 0, 2, 3, 6, 4, 1, 7, 3]","[2, 6, 3, 4, 5, 4, 6, 4, 0, 3, 4, 3, 0, 2, 3, 6]","[0, 75, 120, 195, 270, 345, 420, 480, 525, 540, 555, 585, 600, 615, 630, 660]"
2023-09-28,92,7558,689,"[5, 4, 1, 3, 4, 3, 4, 3, 0, 0, 3, 1, 3, 3, 3, 4, 2]","[5, 4, 1, 3, 4, 3, 4, 3, 0, 0, 3, 1, 3, 3, 3, 4]","[0, 30, 75, 225, 285, 345, 420, 465, 525, 555, 570, 585, 615, 630, 645, 675]"
2023-09-28,93,8396,726,"[5, 4, 3, 3, 3, 7, 2, 2, 1, 3, 2, 4, 5, 1, 5, 5, 5, 6]","[5, 4, 3, 3, 3, 7, 2, 2, 1, 3, 2, 4, 5, 1, 5, 5, 5, 6]","[0, 30, 75, 165, 240, 300, 375, 435, 510, 525, 540, 555, 585, 600, 615, 630, 660, 675]"
2023-09-28,94,7962,696,"[3, 4, 4, 7, 3, 5, 2, 5, 0, 3, 4, 2, 2, 5, 5, 2, 5]","[3, 4, 4, 7, 3, 5, 2, 5, 0, 3, 4, 2, 2, 5, 5, 2, 5]","[0, 60, 120, 195, 270, 345, 405, 465, 525, 540, 570, 585, 600, 615, 630, 660, 675]"
2023-09-28,95,7533,687,"[4, 4, 0, 5, 5, 2, 3, 2, 3, 5, 4, 2, 1, 4, 2, 4, 2, 0, 4, 6]","[4, 4, 0, 5, 5, 2, 3, 2, 3, 5, 4, 2, 1, 4, 2, 4]","[0, 30, 90, 210, 270, 330, 405, 480, 540, 555, 570, 585, 600, 630, 645, 675]"
2023-09-28,96,7549,738,"[4, 4, 3, 4, 2, 6, 3, 2, 2, 4, 2, 3, 1, 1, 5, 7, 4]","[4, 4, 3, 4, 2, 6, 3, 2, 2, 4, 2, 3, 1, 1, 5, 7]","[0, 30, 90, 180, 255, 315, 360, 435, 495, 555, 570, 585, 615, 630, 660, 675]"
2023-09-28,97,7552,675,"[7, 4, 1, 3, 5, 3, 4, 4, 0, 0, 3, 5, 3, 2, 3, 4, 3]","[7, 4, 1, 3, 5, 3, 4, 4, 0, 0, 3, 5, 3, 2, 3, 4]","[0, 60, 135, 225, 300, 360, 420, 480, 525, 540, 570, 585, 600, 615, 630, 660]"
2023-09-28,98,7942,695,"[1, 6, 6, 6, 5, 5, 7, 4, 2, 3, 3, 2, 2, 1, 4, 3, 5, 4, 7, 1]","[1, 6, 6, 6, 5, 5, 7, 4, 2, 3, 3, 2, 2, 1, 4, 3, 5]","[0, 90, 150, 225, 285, 345, 405, 480, 525, 540, 555, 585, 600, 615, 630, 660, 675]"
2023-09-28,99,7938,693,"[1, 6, 6, 6, 4, 5, 6, 4, 2, 2, 3, 1, 2, 1, 3, 3, 5, 4, 5, 1]","[1, 6, 6, 6, 4, 5, 6, 4, 2, 2, 3, 1, 2, 1, 3, 3, 5]","[0, 90, 150, 225, 285, 345, 405, 465, 525, 540, 555, 570, 600, 615, 630, 660, 675]"
2023-09-28,100,7994,691,"[7, 6, 4, 3, 2, 4, 5, 5, 3, 0, 2, 3, 0, 2, 3, 4, 5, 0]","[7, 6, 4, 3, 2, 4, 5, 5, 3, 0, 2, 3, 0, 2, 3, 4, 5]","[0, 60, 120, 195, 270, 330, 405, 465, 525, 540, 555, 570, 600, 615, 630, 660, 675]"
2023-09-28,101,7994,691,"[7, 6, 4, 3, 2, 4, 5, 5, 3, 0, 2, 3, 0, 2, 3, 4, 5, 0]","[7, 6, 4, 3, 2, 4, 5, 5, 3, 0, 2, 3, 0, 2, 3, 4, 5]","[0, 60, 120, 195, 270, 330, 405, 465, 525, 540, 555, 570, 600, 615, 630, 660, 675]"
2023-09-28,102,8002,691,"[7, 6, 4, 3, 2, 4, 5, 5, 3, 0, 2, 4, 0, 2, 3, 4, 5, 0]","[7, 6, 4, 3, 2, 4, 5, 5, 3, 0, 2, 4, 0, 2, 3, 4, 5]","[0, 60, 120, 195, 270, 330, 405, 465, 525, 540, 555, 570, 600, 615, 630, 660, 675]"
2023-09-28,103,8002,691,"[7, 6, 4, 3, 3, 4, 5, 5, 2, 0, 2, 4, 0, 2, 3, 4, 5, 0]","[7, 6, 4, 3, 3, 4, 5, 5, 2, 0, 2, 4, 0, 2, 3, 4, 5]","[0, 60, 120, 195, 270, 330, 405, 465, 525, 540, 555, 570, 600, 615, 630, 660, 675]"
2023-09-28,104,7545,683,"[7, 3, 1, 3, 6, 3, 4, 4, 0, 4, 4, 5, 3, 2, 5, 4, 3]","[7, 3, 1, 3, 6, 3, 4, 4, 0, 4, 4, 5, 3, 2, 5, 4]","[0, 60, 150, 240, 315, 360, 435, 480, 525, 555, 570, 585, 600, 630, 645, 660]"
2023-09-28,105,7505,681,"[5, 3, 4, 3, 1, 7, 3, 2, 0, 3, 3, 4, 5, 1, 5, 3, 6, 7]","[5, 3, 4, 3, 1, 7, 3, 2, 0, 3, 3, 4, 5, 1, 5, 3]","[0, 30, 90, 165, 240, 315, 405, 480, 525, 555, 570, 585, 600, 615, 645, 660]"
2023-09-28,106,7490,694,"[5, 3, 4, 4, 2, 6, 4, 2, 2, 2, 3, 4, 5, 1, 5, 5, 4, 7, 6]","[5, 3, 4, 4, 2, 6, 4, 2, 2, 2, 3, 4, 5, 1, 5, 5]","[0, 30, 90, 165, 240, 300, 360, 435, 510, 555, 570, 600, 615, 630, 660, 675]"
2023-09-28,107,7555,688,"[3, 4, 0, 6, 4, 2, 2, 2, 3, 5, 4, 2, 1, 3, 2, 4, 2, 1, 4, 7]","[3, 4, 0, 6, 4, 2, 2, 2, 3, 5, 4, 2, 1, 3, 2, 4]","[0, 60, 120, 225, 285, 345, 405, 480, 540, 555, 570, 585, 600, 630, 645, 675]"
2023-09-28,108,7937,687,"[1, 6, 6, 6, 4, 5, 5, 4, 3, 2, 2, 2, 2, 1, 3, 3, 5, 4, 5, 0]","[1, 6, 6, 6, 4, 5, 5, 4, 3, 2, 2, 2, 2, 1, 3, 3, 5]","[0, 90, 150, 225, 285, 345, 405, 465, 525, 540, 555, 570, 585, 600, 630, 645, 675]"
2023-09-28,109,7547,690,"[7, 2, 0, 3, 7, 3, 4, 4, 0, 5, 4, 5, 2, 2, 4, 5, 4]","[7, 2, 0, 3, 7, 3, 4, 4, 0, 5, 4, 5, 2, 2, 4, 5]","[0, 60, 135, 225, 300, 375, 435, 495, 540, 555, 585, 600, 615, 630, 645, 675]"
2023-09-28,110,7974,696,"[1, 6, 6, 7, 4, 5, 4, 5, 2, 2, 2, 2, 2, 0, 4, 3, 5, 3, 5]","[1, 6, 6, 7, 4, 5, 4, 5, 2, 2, 2, 2, 2, 0, 4, 3, 5]","[0, 90, 150, 225, 300, 360, 420, 480, 525, 540, 570, 585, 600, 615, 630, 660, 675]"
2023-09-28,111,7974,696,"[1, 6, 6, 7, 4, 5, 4, 5, 2, 2, 2, 2, 2, 0, 4, 3, 5, 3, 5]","[1, 6, 6, 7, 4, 5, 4, 5, 2, 2, 2, 2, 2, 0, 4, 3, 5]","[0, 90, 150, 225, 300, 360, 420, 480, 525, 540, 570, 585, 600, 615, 630, 660, 675]"
2023-09-28,112,7530,679,"[5, 4, 3, 3, 3, 7, 2, 1, 1, 3, 3, 4, 4, 1, 5, 4, 6, 2]","[5, 4, 3, 3, 3, 7, 2, 1, 1, 3, 3, 4, 4, 1, 5, 4]","[0, 30, 75, 165, 240, 300, 375, 435, 525, 540, 570, 585, 600, 615, 645, 660]"
2023-09-28,113,8002,691,"[7, 6, 4, 3, 2, 5, 7, 4, 2, 0, 2, 4, 0, 2, 2, 5, 5, 1]","[7, 6, 4, 3, 2, 5, 7, 4, 2, 0, 2, 4, 0, 2, 2, 5, 5]","[0, 60, 120, 195, 270, 330, 405, 480, 525, 540, 555, 570, 600, 615, 630, 660, 675]"
2023-09-28,114,8018,737,"[4, 2, 6, 7, 5, 3, 3, 6, 4, 1, 0, 4, 3, 4, 2, 1, 7, 2, 1, 4]","[4, 2, 6, 7, 5, 3, 3, 6, 4, 1, 0, 4, 3, 4, 2, 1, 7]","[0, 30, 90, 165, 240, 300, 360, 435, 480, 540, 555, 570, 600, 615, 630, 645, 675]"
2023-09-28,115,7966,696,"[1, 6, 6, 7, 4, 5, 4, 5, 2, 2, 2, 2, 2, 0, 3, 3, 5, 3, 5]","[1, 6, 6, 7, 4, 5, 4, 5, 2, 2, 2, 2, 2, 0, 3, 3, 5]","[0, 90, 150, 225, 300, 360, 420, 480, 525, 540, 570, 585, 600, 615, 630, 660, 675]"
2023-09-28,116,8024,734,"[4, 3, 6, 7, 5, 3, 3, 6, 4, 2, 0, 4, 3, 4, 3, 1, 7, 3, 0]","[4, 3, 6, 7, 5, 3, 3, 6, 4, 2, 0, 4, 3, 4, 3, 1, 7]","[0, 30, 105, 165, 240, 300, 360, 435, 480, 540, 555, 570, 585, 615, 630, 645, 675]"
2023-09-28,117,7599,717,"[4, 3, 7, 7, 4, 3, 4, 6, 4, 2, 1, 4, 3, 4, 3, 0, 7, 3]","[4, 3, 7, 7, 4, 3, 4, 6, 4, 2, 1, 4, 3, 4, 3, 0]","[0, 30, 105, 180, 255, 315, 375, 450, 510, 555, 570, 585, 615, 630, 645, 675]"
2023-09-28,118,7568,696,"[7, 2, 1, 3, 6, 2, 4, 4, 0, 4, 2, 4, 4, 1, 5, 4]","[7, 2, 1, 3, 6, 2, 4, 4, 0, 4, 2, 4, 4, 1, 5, 4]","[0, 60, 135, 225, 300, 360, 435, 495, 540, 555, 585, 600, 615, 630, 660, 675]"
2023-09-28,119,7546,714,"[4, 3, 6, 7, 6, 3, 4, 5, 4, 1, 0, 4, 3, 4, 3, 1, 7, 4]","[4, 3, 6, 7, 6, 3, 4, 5, 4, 1, 0, 4, 3, 4, 3, 1]","[0, 30, 105, 165, 240, 315, 375, 435, 510, 555, 570, 600, 615, 630, 660, 675]"
2023-09-28,120,7100,687,"[6, 3, 3, 3, 4, 6, 0, 2, 0, 3, 3, 4, 4, 2, 4, 5, 5, 7]","[6, 3, 3, 3, 4, 6, 0, 2, 0, 3, 3, 4, 4, 2, 4]","[0, 45, 120, 195, 285, 330, 390, 495, 555, 570, 585, 615, 630, 645, 675]"
2023-09-28,121,7539,683,"[4, 2, 6, 7, 5, 3, 3, 6, 4, 1, 0, 4, 3, 4, 3, 1, 7, 3, 1, 3]","[4, 2, 6, 7, 5, 3, 3, 6, 4, 1, 0, 4, 3, 4, 3, 1]","[0, 30, 90, 165, 240, 300, 360, 435, 480, 540, 555, 570, 600, 615, 630, 660]"
2023-09-28,122,8011,677,"[6, 5, 4, 4, 1, 4, 6, 5, 7, 0, 4, 4, 3, 2, 0, 2, 3]","[6, 5, 4, 4, 1, 4, 6, 5, 7, 0, 4, 4, 3, 2, 0, 2, 3]","[0, 45, 75, 135, 195, 285, 345, 390, 450, 525, 555, 570, 585, 600, 615, 645, 660]"
2023-09-28,123,8010,678,"[6, 5, 4, 4, 1, 4, 6, 5, 7, 0, 4, 4, 3, 3, 0, 2, 3]","[6, 5, 4, 4, 1, 4, 6, 5, 7, 0, 4, 4, 3, 3, 0, 2, 3]","[0, 45, 75, 135, 195, 285, 345, 390, 450, 525, 555, 570, 585, 600, 615, 645, 660]"
2023-09-28,124,8010,678,"[6, 5, 4, 4, 1, 4, 6, 5, 7, 0, 4, 4, 3, 3, 0, 2, 3]","[6, 5, 4, 4, 1, 4, 6, 5, 7, 0, 4, 4, 3, 3, 0, 2, 3]","[0, 45, 75, 135, 195, 285, 345, 390, 450, 525, 555, 570, 585, 600, 615, 645, 660]"
2023-09-28,125,8010,678,"[6, 5, 4, 4, 1, 4, 6, 5, 7, 0, 4, 4, 3, 3, 0, 2, 3]","[6, 5, 4, 4, 1, 4, 6, 5, 7, 0, 4, 4, 3, 3, 0, 2, 3]","[0, 45, 75, 135, 195, 285, 345, 390, 450, 525, 555, 570, 585, 600, 615, 645, 660]"
2023-09-28,126,8010,678,"[6, 5, 4, 4, 1, 4, 6, 5, 7, 0, 4, 4, 3, 3, 0, 2, 3]","[6, 5, 4, 4, 1, 4, 6, 5, 7, 0, 4, 4, 3, 3, 0, 2, 3]","[0, 45, 75, 135, 195, 285, 345, 390, 450, 525, 555, 570, 585, 600, 615, 645, 660]"
2023-09-28,127,7500,694,"[1, 4, 5, 4, 3, 0, 2, 1, 0, 5, 5, 2, 4, 3, 5, 4]","[1, 4, 5, 4, 3, 0, 2, 1, 0, 5, 5, 2, 4, 3, 5, 4]","[0, 90, 150, 225, 285, 360, 450, 525, 540, 570, 585, 600, 615, 630, 660, 675]"
2023-09-28,128,7522,690,"[5, 4, 3, 3, 3, 7, 4, 7, 2, 3, 5, 3, 4, 0, 6, 5, 4, 6, 5, 5]","[5, 4, 3, 3, 3, 7, 4, 7, 2, 3, 5, 3, 4, 0, 6, 5]","[0, 30, 75, 165, 240, 300, 375, 450, 525, 540, 555, 570, 600, 615, 630, 675]"
2023-09-28,129,8004,691,"[6, 4, 1, 4, 6, 4, 5, 3, 0, 2, 3, 5, 3, 0, 3, 4, 4, 1]","[6, 4, 1, 4, 6, 4, 5, 3, 0, 2, 3, 5, 3, 0, 3, 4, 4]","[0, 45, 120, 195, 270, 330, 405, 465, 525, 540, 555, 570, 585, 615, 630, 645, 675]"
2023-09-28,130,7976,695,"[6, 3, 1, 4, 6, 4, 5, 4, 0, 2, 3, 5, 3, 0, 5, 3, 4, 1]","[6, 3, 1, 4, 6, 4, 5, 4, 0, 2, 3, 5, 3, 0, 5, 3, 4]","[0, 45, 120, 210, 270, 330, 405, 465, 525, 540, 555, 585, 600, 615, 630, 660, 675]"
2023-09-28,131,8011,682,"[6, 5, 4, 4, 1, 4, 6, 5, 7, 0, 4, 4, 3, 3, 0, 2, 2, 0]","[6, 5, 4, 4, 1, 4, 6, 5, 7, 0, 4, 4, 3, 3, 0, 2, 2]","[0, 45, 75, 135, 195, 285, 345, 390, 450, 525, 555, 570, 585, 600, 615, 645, 660]"
2023-09-28,132,8011,682,"[6, 5, 4, 4, 1, 4, 6, 5, 7, 0, 4, 4, 3, 3, 0, 2, 2, 0]","[6, 5, 4, 4, 1, 4, 6, 5, 7, 0, 4, 4, 3, 3, 0, 2, 2]","[0, 45, 75, 135, 195, 285, 345, 390, 450, 525, 555, 570, 585, 600, 615, 645, 660]"
2023-09-28,133,7985,726,"[4, 2, 6, 7, 5, 3, 3, 6, 4, 2, 0, 4, 2, 5, 3, 5, 7, 3, 1]","[4, 2, 6, 7, 5, 3, 3, 6, 4, 2, 0, 4, 2, 5, 3, 5, 7]","[0, 30, 90, 165, 240, 300, 360, 435, 480, 540, 555, 570, 585, 600, 630, 645, 675]"
2023-09-28,134,8012,728,"[4, 2, 6, 7, 5, 3, 3, 6, 4, 3, 0, 4, 2, 4, 3, 5, 7, 3, 1]","[4, 2, 6, 7, 5, 3, 3, 6, 4, 3, 0, 4, 2, 4, 3, 5, 7]","[0, 30, 90, 165, 240, 300, 360, 435, 480, 540, 555, 570, 585, 600, 630, 645, 675]"
2023-09-28,135,8019,682,"[6, 5, 4, 4, 1, 4, 6, 5, 7, 0, 4, 4, 3, 4, 0, 2, 2, 1]","[6, 5, 4, 4, 1, 4, 6, 5, 7, 0, 4, 4, 3, 4, 0, 2, 2]","[0, 45, 75, 135, 195, 285, 345, 390, 450, 525, 555, 570, 585, 600, 615, 645, 660]"
2023-09-28,136,8017,730,"[4, 2, 6, 2, 5, 3, 3, 6, 4, 2, 0, 4, 2, 4, 3, 6, 7, 3, 1]","[4, 2, 6, 2, 5, 3, 3, 6, 4, 2, 0, 4, 2, 4, 3, 6, 7]","[0, 30, 90, 165, 225, 285, 345, 420, 480, 525, 540, 555, 570, 600, 615, 630, 675]"
2023-09-28,137,8012,691,"[6, 5, 4, 4, 1, 4, 6, 5, 7, 0, 4, 4, 2, 4, 0, 2, 1, 1]","[6, 5, 4, 4, 1, 4, 6, 5, 7, 0, 4, 4, 2, 4, 0, 2, 1]","[0, 45, 75, 135, 195, 285, 345, 390, 450, 525, 555, 570, 585, 600, 615, 645, 660]"
2023-09-28,138,7546,704,"[4, 3, 7, 2, 4, 3, 3, 6, 4, 3, 0, 3, 2, 5, 3, 6, 7, 4]","[4, 3, 7, 2, 4, 3, 3, 6, 4, 3, 0, 3, 2, 5, 3, 6]","[0, 30, 105, 180, 240, 315, 375, 435, 480, 540, 555, 570, 585, 615, 630, 645]"
2023-09-28,139,8011,682,"[6, 5, 4, 4, 1, 4, 6, 5, 7, 0, 4, 4, 3, 3, 0, 2, 2]","[6, 5, 4, 4, 1, 4, 6, 5, 7, 0, 4, 4, 3, 3, 0, 2, 2]","[0, 45, 75, 135, 195, 285, 345, 390, 450, 525, 555, 570, 585, 600, 615, 645, 660]"
2023-09-28,140,7969,689,"[6, 4, 3, 5, 3, 3, 3, 7, 1, 2, 4, 4, 5, 0, 5, 5, 4, 3]","[6, 4, 3, 5, 3, 3, 3, 7, 1, 2, 4, 4, 5, 0, 5, 5, 4]","[0, 45, 120, 195, 255, 315, 375, 435, 510, 540, 555, 570, 585, 615, 630, 645, 675]"
2023-09-28,141,8011,682,"[6, 5, 4, 4, 1, 4, 6, 5, 7, 0, 4, 4, 3, 3, 0, 2, 2, 0]","[6, 5, 4, 4, 1, 4, 6, 5, 7, 0, 4, 4, 3, 3, 0, 2, 2]","[0, 45, 75, 135, 195, 285, 345, 390, 450, 525, 555, 570, 585, 600, 615, 645, 660]"
2023-09-28,142,7575,693,"[7, 6, 4, 3, 2, 4, 7, 5, 3, 0, 3, 4, 0, 2, 3, 4, 4, 0]","[7, 6, 4, 3, 2, 4, 7, 5, 3, 0, 3, 4, 0, 2, 3, 4]","[0, 60, 120, 195, 270, 330, 405, 480, 540, 555, 570, 600, 615, 630, 660, 675]"
2023-09-28,143,8018,678,"[6, 5, 4, 4, 1, 4, 6, 5, 7, 0, 4, 4, 3, 4, 0, 2, 3, 1]","[6, 5, 4, 4, 1, 4, 6, 5, 7, 0, 4, 4, 3, 4, 0, 2, 3]","[0, 45, 75, 135, 195, 285, 345, 390, 450, 525, 555, 570, 585, 600, 615, 645, 660]"
2023-09-28,144,8024,736,"[4, 2, 6, 2, 5, 4, 3, 6, 4, 3, 0, 4, 2, 4, 3, 6, 7, 4, 1]","[4, 2, 6, 2, 5, 4, 3, 6, 4, 3, 0, 4, 2, 4, 3, 6, 7]","[0, 30, 90, 165, 225, 285, 345, 405, 465, 525, 540, 570, 585, 600, 615, 630, 675]"
2023-09-28,145,8051,716,"[4, 2, 6, 2, 5, 4, 3, 6, 4, 3, 0, 4, 2, 4, 4, 4, 7, 5, 1]","[4, 2, 6, 2, 5, 4, 3, 6, 4, 3, 0, 4, 2, 4, 4, 4, 7]","[0, 30, 90, 165, 225, 285, 345, 405, 465, 525, 540, 570, 585, 600, 615, 630, 660]"
2023-09-28,146,8043,711,"[4, 2, 6, 2, 5, 3, 3, 6, 4, 3, 0, 4, 2, 4, 4, 4, 7, 5]","[4, 2, 6, 2, 5, 3, 3, 6, 4, 3, 0, 4, 2, 4, 4, 4, 7]","[0, 30, 90, 165, 225, 285, 345, 420, 480, 525, 540, 555, 570, 600, 615, 630, 660]"
2023-09-28,147,8018,678,"[6, 5, 4, 4, 1, 4, 6, 5, 7, 0, 4, 4, 3, 4, 0, 2, 3]","[6, 5, 4, 4, 1, 4, 6, 5, 7, 0, 4, 4, 3, 4, 0, 2, 3]","[0, 45, 75, 135, 195, 285, 345, 390, 450, 525, 555, 570, 585, 600, 615, 645, 660]"
2023-09-28,148,7986,696,"[4, 7, 6, 6, 4, 6, 2, 4, 1, 2, 5, 2, 1, 4, 5, 4, 3, 5, 1]","[4, 7, 6, 6, 4, 6, 2, 4, 1, 2, 5, 2, 1, 4, 5, 4, 3]","[0, 30, 90, 150, 225, 285, 345, 420, 465, 540, 555, 585, 600, 615, 630, 660, 675]"
2023-09-28,149,7955,721,"[7, 6, 5, 3, 2, 4, 6, 5, 2, 0, 2, 4, 1, 2, 2, 5, 6, 0]","[7, 6, 5, 3, 2, 4, 6, 5, 2, 0, 2, 4, 1, 2, 2, 5, 6]","[0, 60, 120, 180, 270, 330, 405, 465, 525, 540, 555, 570, 585, 615, 630, 660, 675]"
2023-09-28,150,8015,705,"[4, 2, 6, 2, 5, 3, 3, 6, 4, 3, 0, 4, 2, 4, 4, 5, 7, 6, 1]","[4, 2, 6, 2, 5, 3, 3, 6, 4, 3, 0, 4, 2, 4, 4, 5, 7]","[0, 30, 90, 165, 225, 285, 345, 420, 480, 525, 540, 555, 570, 600, 615, 630, 645]"
2023-09-28,151,8018,678,"[6, 5, 4, 4, 1, 4, 6, 5, 7, 0, 4, 4, 3, 4, 0, 2, 3]","[6, 5, 4, 4, 1, 4, 6, 5, 7, 0, 4, 4, 3, 4, 0, 2, 3]","[0, 45, 75, 135, 195, 285, 345, 390, 450, 525, 555, 570, 585, 600, 615, 645, 660]"
2023-09-28,152,8015,705,"[4, 2, 6, 2, 5, 3, 3, 6, 4, 3, 0, 4, 2, 4, 4, 5, 7, 6, 7]","[4, 2, 6, 2, 5, 3, 3, 6, 4, 3, 0, 4, 2, 4, 4, 5, 7]","[0, 30, 90, 165, 225, 285, 345, 420, 480, 525, 540, 555, 570, 600, 615, 630, 645]"
2023-09-28,153,8015,705,"[4, 2, 6, 2, 5, 3, 3, 6, 4, 3, 0, 4, 2, 4, 4, 5, 7, 6, 1]","[4, 2, 6, 2, 5, 3, 3, 6, 4, 3, 0, 4, 2, 4, 4, 5, 7]","[0, 30, 90, 165, 225, 285, 345, 420, 480, 525, 540, 555, 570, 600, 615, 630, 645]"
2023-09-28,154,8004,697,"[5, 3, 6, 3, 3, 7, 1, 2, 1, 3, 3, 1, 3, 2, 4, 4, 4, 7]","[5, 3, 6, 3, 3, 7, 1, 2, 1, 3, 3, 1, 3, 2, 4, 4, 4]","[0, 30, 90, 165, 240, 300, 375, 465, 525, 540, 555, 585, 600, 615, 630, 660, 675]"
2023-09-28,155,8025,693,"[5, 3, 7, 3, 3, 7, 2, 2, 1, 3, 2, 4, 4, 2, 5, 4, 4, 7, 5]","[5, 3, 7, 3, 3, 7, 2, 2, 1, 3, 2, 4, 4, 2, 5, 4, 4]","[0, 30, 90, 180, 270, 330, 405, 465, 525, 540, 555, 585, 600, 615, 630, 660, 675]"
2023-09-28,156,8482,738,"[5, 3, 6, 3, 3, 7, 2, 2, 1, 3, 2, 0, 4, 2, 5, 4, 4, 7, 5]","[5, 3, 6, 3, 3, 7, 2, 2, 1, 3, 2, 0, 4, 2, 5, 4, 4, 7]","[0, 30, 90, 165, 240, 300, 375, 435, 510, 525, 540, 555, 585, 600, 615, 630, 660, 675]"
2023-09-28,157,8029,690,"[5, 3, 7, 3, 3, 7, 2, 2, 2, 3, 2, 0, 4, 2, 5, 4, 4, 6, 5]","[5, 3, 7, 3, 3, 7, 2, 2, 2, 3, 2, 0, 4, 2, 5, 4, 4]","[0, 30, 90, 180, 270, 330, 405, 465, 525, 540, 555, 570, 600, 615, 630, 645, 675]"
2023-09-28,158,8057,691,"[5, 3, 7, 3, 3, 7, 2, 2, 2, 3, 2, 0, 4, 2, 4, 4, 4, 5, 5, 2]","[5, 3, 7, 3, 3, 7, 2, 2, 2, 3, 2, 0, 4, 2, 4, 4, 4]","[0, 30, 90, 180, 270, 330, 405, 465, 525, 540, 555, 570, 600, 615, 630, 645, 675]"
2023-09-28,159,8056,692,"[5, 3, 7, 3, 3, 7, 2, 2, 3, 3, 2, 0, 4, 2, 4, 4, 4, 5, 5, 2]","[5, 3, 7, 3, 3, 7, 2, 2, 3, 3, 2, 0, 4, 2, 4, 4, 4]","[0, 30, 90, 180, 270, 330, 405, 465, 525, 540, 555, 570, 600, 615, 630, 660, 675]"
2023-09-28,160,8057,691,"[5, 3, 7, 3, 3, 7, 2, 2, 2, 3, 2, 0, 4, 2, 4, 4, 4, 3, 5, 2]","[5, 3, 7, 3, 3, 7, 2, 2, 2, 3, 2, 0, 4, 2, 4, 4, 4]","[0, 30, 90, 180, 270, 330, 405, 465, 525, 540, 555, 570, 600, 615, 630, 645, 675]"
2023-09-28,161,8056,692,"[5, 3, 7, 3, 3, 7, 2, 2, 3, 3, 2, 0, 4, 2, 4, 4, 4, 3, 5, 2]","[5, 3, 7, 3, 3, 7, 2, 2, 3, 3, 2, 0, 4, 2, 4, 4, 4]","[0, 30, 90, 180, 270, 330, 405, 465, 525, 540, 555, 570, 600, 615, 630, 660, 675]"
2023-09-28,162,8056,692,"[5, 3, 7, 3, 3, 7, 2, 2, 3, 3, 2, 0, 4, 2, 4, 4, 4, 3, 5, 2]","[5, 3, 7, 3, 3, 7, 2, 2, 3, 3, 2, 0, 4, 2, 4, 4, 4]","[0, 30, 90, 180, 270, 330, 405, 465, 525, 540, 555, 570, 600, 615, 630, 660, 675]"
2023-09-28,163,8056,692,"[5, 3, 7, 3, 3, 7, 2, 2, 3, 3, 2, 0, 4, 2, 4, 4, 4, 3, 5, 2]","[5, 3, 7, 3, 3, 7, 2, 2, 3, 3, 2, 0, 4, 2, 4, 4, 4]","[0, 30, 90, 180, 270, 330, 405, 465, 525, 540, 555, 570, 600, 615, 630, 660, 675]"
2023-09-28,164,8454,694,"[4, 2, 6, 2, 5, 3, 3, 6, 4, 3, 0, 4, 2, 4, 4, 5, 1, 5, 6]","[4, 2, 6, 2, 5, 3, 3, 6, 4, 3, 0, 4, 2, 4, 4, 5, 1, 5]","[0, 30, 90, 165, 225, 285, 345, 420, 480, 525, 540, 555, 570, 600, 615, 630, 645, 675]"
2023-09-28,165,8462,689,"[4, 2, 6, 2, 5, 3, 3, 6, 4, 3, 0, 4, 2, 4, 4, 5, 2, 5, 6]","[4, 2, 6, 2, 5, 3, 3, 6, 4, 3, 0, 4, 2, 4, 4, 5, 2, 5]","[0, 30, 90, 165, 225, 285, 345, 420, 480, 525, 540, 555, 570, 600, 615, 630, 645, 675]"
2023-09-28,166,8056,692,"[5, 3, 7, 3, 3, 7, 2, 2, 3, 3, 2, 0, 4, 2, 4, 4, 4, 3, 5, 2]","[5, 3, 7, 3, 3, 7, 2, 2, 3, 3, 2, 0, 4, 2, 4, 4, 4]","[0, 30, 90, 180, 270, 330, 405, 465, 525, 540, 555, 570, 600, 615, 630, 660, 675]"
2023-09-28,167,8056,692,"[5, 3, 7, 3, 3, 7, 2, 2, 3, 3, 2, 0, 4, 2, 4, 4, 4, 3, 5, 2]","[5, 3, 7, 3, 3, 7, 2, 2, 3, 3, 2, 0, 4, 2, 4, 4, 4]","[0, 30, 90, 180, 270, 330, 405, 465, 525, 540, 555, 570, 600, 615, 630, 660, 675]"
2023-09-28,168,8056,692,"[5, 3, 7, 3, 3, 7, 2, 2, 3, 3, 2, 0, 4, 2, 4, 4, 4, 3, 5, 2]","[5, 3, 7, 3, 3, 7, 2, 2, 3, 3, 2, 0, 4, 2, 4, 4, 4]","[0, 30, 90, 180, 270, 330, 405, 465, 525, 540, 555, 570, 600, 615, 630, 660, 675]"
2023-09-28,169,8056,692,"[5, 3, 7, 3, 3, 7, 2, 2, 3, 3, 2, 0, 4, 2, 4, 4, 4, 3, 5, 2]","[5, 3, 7, 3, 3, 7, 2, 2, 3, 3, 2, 0, 4, 2, 4, 4, 4]","[0, 30, 90, 180, 270, 330, 405, 465, 525, 540, 555, 570, 600, 615, 630, 660, 675]"
2023-09-28,170,8056,692,"[5, 3, 7, 3, 3, 7, 2, 2, 3, 3, 2, 0, 4, 2, 4, 4, 4, 3, 5, 2]","[5, 3, 7, 3, 3, 7, 2, 2, 3, 3, 2, 0, 4, 2, 4, 4, 4]","[0, 30, 90, 180, 270, 330, 405, 465, 525, 540, 555, 570, 600, 615, 630, 660, 675]"
2023-09-28,171,8056,692,"[5, 3, 7, 3, 3, 7, 2, 2, 3, 3, 2, 0, 4, 2, 4, 4, 4, 3, 5, 2]","[5, 3, 7, 3, 3, 7, 2, 2, 3, 3, 2, 0, 4, 2, 4, 4, 4]","[0, 30, 90, 180, 270, 330, 405, 465, 525, 540, 555, 570, 600, 615, 630, 660, 675]"
2023-09-28,172,8056,692,"[5, 3, 7, 3, 3, 7, 2, 2, 3, 3, 2, 0, 4, 2, 4, 4, 4, 3, 5, 2]","[5, 3, 7, 3, 3, 7, 2, 2, 3, 3, 2, 0, 4, 2, 4, 4, 4]","[0, 30, 90, 180, 270, 330, 405, 465, 525, 540, 555, 570, 600, 615, 630, 660, 675]"
2023-09-28,173,8056,692,"[5, 3, 7, 3, 3, 7, 2, 2, 3, 3, 2, 0, 4, 2, 4, 4, 4, 3, 5, 2]","[5, 3, 7, 3, 3, 7, 2, 2, 3, 3, 2, 0, 4, 2, 4, 4, 4]","[0, 30, 90, 180, 270, 330, 405, 465, 525, 540, 555, 570, 600, 615, 630, 660, 675]"
2023-09-28,174,8056,692,"[5, 3, 7, 3, 3, 7, 2, 2, 3, 3, 2, 0, 4, 2, 4, 4, 4, 3, 5, 2]","[5, 3, 7, 3, 3, 7, 2, 2, 3, 3, 2, 0, 4, 2, 4, 4, 4]","[0, 30, 90, 180, 270, 330, 405, 465, 525, 540, 555, 570, 600, 615, 630, 660, 675]"
2023-09-28,175,8056,692,"[5, 3, 7, 3, 3, 7, 2, 2, 3, 3, 2, 0, 4, 2, 4, 4, 4, 3, 5, 2]","[5, 3, 7, 3, 3, 7, 2, 2, 3, 3, 2, 0, 4, 2, 4, 4, 4]","[0, 30, 90, 180, 270, 330, 405, 465, 525, 540, 555, 570, 600, 615, 630, 660, 675]"
2023-09-28,176,8056,692,"[5, 3, 7, 3, 3, 7, 2, 2, 3, 3, 2, 0, 4, 2, 4, 4, 4, 3, 5, 2]","[5, 3, 7, 3, 3, 7, 2, 2, 3, 3, 2, 0, 4, 2, 4, 4, 4]","[0, 30, 90, 180, 270, 330, 405, 465, 525, 540, 555, 570, 600, 615, 630, 660, 675]"
2023-09-28,177,8056,692,"[5, 3, 7, 3, 3, 7, 2, 2, 3, 3, 2, 0, 4, 2, 4, 4, 4, 3, 5, 2]","[5, 3, 7, 3, 3, 7, 2, 2, 3, 3, 2, 0, 4, 2, 4, 4, 4]","[0, 30, 90, 180, 270, 330, 405, 465, 525, 540, 555, 570, 600, 615, 630, 660, 675]"
2023-09-28,178,8056,692,"[5, 3, 7, 3, 3, 7, 2, 2, 3, 3, 2, 0, 4, 2, 4, 4, 4, 3, 5, 2]","[5, 3, 7, 3, 3, 7, 2, 2, 3, 3, 2, 0, 4, 2, 4, 4, 4]","[0, 30, 90, 180, 270, 330, 405, 465, 525, 540, 555, 570, 600, 615, 630, 660, 675]"
2023-09-28,179,8048,692,"[5, 3, 7, 3, 3, 7, 2, 2, 3, 3, 2, 0, 4, 2, 3, 4, 4, 3, 5, 2]","[5, 3, 7, 3, 3, 7, 2, 2, 3, 3, 2, 0, 4, 2, 3, 4, 4]","[0, 30, 90, 180, 270, 330, 405, 465, 525, 540, 555, 570, 600, 615, 630, 660, 675]"
2023-09-28,180,8047,693,"[5, 3, 7, 3, 3, 7, 2, 2, 3, 3, 2, 0, 4, 3, 4, 4, 3, 3, 5, 2]","[5, 3, 7, 3, 3, 7, 2, 2, 3, 3, 2, 0, 4, 3, 4, 4, 3]","[0, 30, 90, 180, 270, 330, 405, 465, 525, 540, 555, 570, 600, 615, 630, 660, 675]"
2023-09-28,181,8056,692,"[5, 3, 7, 3, 3, 7, 2, 2, 3, 3, 2, 0, 4, 2, 4, 4, 4, 3, 5, 2]","[5, 3, 7, 3, 3, 7, 2, 2, 3, 3, 2, 0, 4, 2, 4, 4, 4]","[0, 30, 90, 180, 270, 330, 405, 465, 525, 540, 555, 570, 600, 615, 630, 660, 675]"
2023-09-28,182,8056,692,"[5, 3, 7, 3, 3, 7, 2, 2, 3, 3, 2, 0, 4, 2, 4, 4, 4, 3, 5, 2]","[5, 3, 7, 3, 3, 7, 2, 2, 3, 3, 2, 0, 4, 2, 4, 4, 4]","[0, 30, 90, 180, 270, 330, 405, 465, 525, 540, 555, 570, 600, 615, 630, 660, 675]"
2023-09-28,183,8056,692,"[5, 3, 7, 3, 3, 7, 2, 2, 3, 3, 2, 0, 4, 2, 4, 4, 4, 3, 5, 2]","[5, 3, 7, 3, 3, 7, 2, 2, 3, 3, 2, 0, 4, 2, 4, 4, 4]","[0, 30, 90, 180, 270, 330, 405, 465, 525, 540, 555, 570, 600, 615, 630, 660, 675]"
2023-09-28,184,8020,692,"[1, 6, 7, 2, 4, 5, 4, 4, 2, 0, 2, 0, 2, 0, 3, 4, 5, 7, 4, 0]","[1, 6, 7, 2, 4, 5, 4, 4, 2, 0, 2, 0, 2, 0, 3, 4, 5]","[0, 90, 150, 225, 285, 345, 405, 465, 525, 540, 555, 570, 600, 615, 630, 660, 675]"
2023-09-28,185,8056,692,"[5, 3, 7, 3, 3, 7, 2, 2, 3, 3, 2, 0, 4, 2, 4, 4, 4, 3, 5, 2]","[5, 3, 7, 3, 3, 7, 2, 2, 3, 3, 2, 0, 4, 2, 4, 4, 4]","[0, 30, 90, 180, 270, 330, 405, 465, 525, 540, 555, 570, 600, 615, 630, 660, 675]"
2023-09-28,186,8056,692,"[5, 3, 7, 3, 3, 7, 2, 2, 3, 3, 2, 0, 4, 2, 4, 4, 4, 3, 5, 2]","[5, 3, 7, 3, 3, 7, 2, 2, 3, 3, 2, 0, 4, 2, 4, 4, 4]","[0, 30, 90, 180, 270, 330, 405, 465, 525, 540, 555, 570, 600, 615, 630, 660, 675]"
2023-09-28,187,8056,692,"[5, 3, 7, 3, 3, 7, 2, 2, 3, 3, 2, 0, 4, 2, 4, 4, 4, 3, 5, 1]","[5, 3, 7, 3, 3, 7, 2, 2, 3, 3, 2, 0, 4, 2, 4, 4, 4]","[0, 30, 90, 180, 270, 330, 405, 465, 525, 540, 555, 570, 600, 615, 630, 660, 675]"
2023-09-28,188,8049,691,"[5, 3, 7, 2, 3, 7, 2, 2, 3, 3, 2, 0, 4, 2, 3, 4, 4, 3, 5, 3]","[5, 3, 7, 2, 3, 7, 2, 2, 3, 3, 2, 0, 4, 2, 3, 4, 4]","[0, 30, 90, 180, 255, 315, 390, 465, 525, 540, 555, 570, 600, 615, 630, 645, 675]"
2023-09-28,189,8055,693,"[5, 3, 7, 3, 3, 7, 2, 2, 3, 3, 2, 0, 4, 3, 4, 4, 4, 3, 5, 2]","[5, 3, 7, 3, 3, 7, 2, 2, 3, 3, 2, 0, 4, 3, 4, 4, 4]","[0, 30, 90, 180, 270, 330, 405, 465, 525, 540, 555, 570, 600, 615, 630, 660, 675]"
2023-09-28,190,8056,692,"[5, 3, 7, 3, 3, 7, 2, 2, 3, 3, 2, 0, 4, 2, 4, 4, 4, 4, 5, 1]","[5, 3, 7, 3, 3, 7, 2, 2, 3, 3, 2, 0, 4, 2, 4, 4, 4]","[0, 30, 90, 180, 270, 330, 405, 465, 525, 540, 555, 570, 600, 615, 630, 660, 675]"
2023-09-28,191,8056,692,"[5, 3, 7, 3, 3, 7, 2, 2, 3, 3, 2, 0, 4, 2, 4, 4, 4, 3, 5, 2]","[5, 3, 7, 3, 3, 7, 2, 2, 3, 3, 2, 0, 4, 2, 4, 4, 4]","[0, 30, 90, 180, 270, 330, 405, 465, 525, 540, 555, 570, 600, 615, 630, 660, 675]"
2023-09-28,192,8056,692,"[5, 3, 7, 3, 3, 7, 2, 2, 3, 3, 2, 0, 4, 2, 4, 4, 4, 3, 5, 2]","[5, 3, 7, 3, 3, 7, 2, 2, 3, 3, 2, 0, 4, 2, 4, 4, 4]","[0, 30, 90, 180, 270, 330, 405, 465, 525, 540, 555, 570, 600, 615, 630, 660, 675]"
2023-09-28,193,8046,695,"[1, 6, 7, 3, 4, 5, 4, 4, 2, 0, 2, 0, 3, 0, 3, 4, 4, 7, 4, 0]","[1, 6, 7, 3, 4, 5, 4, 4, 2, 0, 2, 0, 3, 0, 3, 4, 4]","[0, 90, 150, 225, 300, 375, 420, 480, 525, 540, 555, 570, 600, 615, 630, 660, 675]"
2023-09-28,194,8046,695,"[1, 6, 7, 3, 4, 5, 4, 4, 2, 0, 2, 0, 3, 0, 3, 4, 4, 7, 4, 0]","[1, 6, 7, 3, 4, 5, 4, 4, 2, 0, 2, 0, 3, 0, 3, 4, 4]","[0, 90, 150, 225, 300, 375, 420, 480, 525, 540, 555, 570, 600, 615, 630, 660, 675]"
2023-09-28,195,8056,692,"[5, 3, 7, 3, 3, 7, 2, 2, 3, 3, 2, 0, 4, 2, 4, 4, 4, 3, 5, 3]","[5, 3, 7, 3, 3, 7, 2, 2, 3, 3, 2, 0, 4, 2, 4, 4, 4]","[0, 30, 90, 180, 270, 330, 405, 465, 525, 540, 555, 570, 600, 615, 630, 660, 675]"
2023-09-28,196,8056,692,"[5, 3, 7, 3, 3, 7, 2, 2, 3, 3, 2, 0, 4, 2, 4, 4, 4, 3, 5, 2]","[5, 3, 7, 3, 3, 7, 2, 2, 3, 3, 2, 0, 4, 2, 4, 4, 4]","[0, 30, 90, 180, 270, 330, 405, 465, 525, 540, 555, 570, 600, 615, 630, 660, 675]"
2023-09-28,197,8054,695,"[2, 6, 7, 3, 4, 5, 4, 4, 2, 0, 2, 0, 3, 0, 3, 4, 4, 7, 3, 0]","[2, 6, 7, 3, 4, 5, 4, 4, 2, 0, 2, 0, 3, 0, 3, 4, 4]","[0, 75, 120, 210, 285, 345, 405, 465, 525, 540, 555, 570, 600, 615, 630, 660, 675]"
2023-09-28,198,8054,695,"[2, 6, 7, 3, 4, 5, 4, 4, 2, 0, 2, 0, 3, 0, 3, 4, 4, 6, 3, 0]","[2, 6, 7, 3, 4, 5, 4, 4, 2, 0, 2, 0, 3, 0, 3, 4, 4]","[0, 75, 120, 210, 285, 345, 405, 465, 525, 540, 555, 570, 600, 615, 630, 660, 675]"
2023-09-28,199,8057,696,"[5, 2, 7, 3, 3, 7, 2, 2, 3, 3, 2, 0, 4, 2, 4, 4, 4, 3, 5, 1]","[5, 2, 7, 3, 3, 7, 2, 2, 3, 3, 2, 0, 4, 2, 4, 4, 4]","[0, 30, 90, 180, 255, 315, 405, 465, 525, 540, 555, 585, 600, 615, 630, 660, 675]"
